{
  "person": "A1_JAKE",
  "topk_list": [
    1,
    3,
    5,
    10,
    20,
    25,
    40,
    50,
    75,
    100,
    200
  ],
  "configurations": [
    {
      "modalities": [
        "text"
      ],
      "use_orchestrator": false,
      "num_questions": 489,
      "recall_at_k": {
        "1": {
          "hits": 1,
          "total": 489,
          "recall": 0.002044989775051125
        },
        "3": {
          "hits": 5,
          "total": 489,
          "recall": 0.010224948875255624
        },
        "5": {
          "hits": 7,
          "total": 489,
          "recall": 0.014314928425357873
        },
        "10": {
          "hits": 17,
          "total": 489,
          "recall": 0.034764826175869123
        },
        "20": {
          "hits": 31,
          "total": 489,
          "recall": 0.06339468302658487
        },
        "25": {
          "hits": 38,
          "total": 489,
          "recall": 0.07770961145194274
        },
        "40": {
          "hits": 54,
          "total": 489,
          "recall": 0.11042944785276074
        },
        "50": {
          "hits": 60,
          "total": 489,
          "recall": 0.12269938650306748
        },
        "75": {
          "hits": 86,
          "total": 489,
          "recall": 0.17586912065439672
        },
        "100": {
          "hits": 111,
          "total": 489,
          "recall": 0.22699386503067484
        },
        "200": {
          "hits": 175,
          "total": 489,
          "recall": 0.35787321063394684
        }
      }
    },
    {
      "modalities": [
        "text"
      ],
      "use_orchestrator": true,
      "num_questions": 489,
      "recall_at_k": {
        "1": {
          "hits": 0,
          "total": 489,
          "recall": 0.0
        },
        "3": {
          "hits": 1,
          "total": 489,
          "recall": 0.002044989775051125
        },
        "5": {
          "hits": 3,
          "total": 489,
          "recall": 0.006134969325153374
        },
        "10": {
          "hits": 9,
          "total": 489,
          "recall": 0.018404907975460124
        },
        "20": {
          "hits": 20,
          "total": 489,
          "recall": 0.0408997955010225
        },
        "25": {
          "hits": 27,
          "total": 489,
          "recall": 0.05521472392638037
        },
        "40": {
          "hits": 39,
          "total": 489,
          "recall": 0.07975460122699386
        },
        "50": {
          "hits": 45,
          "total": 489,
          "recall": 0.09202453987730061
        },
        "75": {
          "hits": 63,
          "total": 489,
          "recall": 0.12883435582822086
        },
        "100": {
          "hits": 81,
          "total": 489,
          "recall": 0.1656441717791411
        },
        "200": {
          "hits": 125,
          "total": 489,
          "recall": 0.2556237218813906
        }
      }
    },
    {
      "modalities": [
        "video"
      ],
      "use_orchestrator": false,
      "num_questions": 489,
      "recall_at_k": {
        "1": {
          "hits": 1,
          "total": 489,
          "recall": 0.002044989775051125
        },
        "3": {
          "hits": 1,
          "total": 489,
          "recall": 0.002044989775051125
        },
        "5": {
          "hits": 1,
          "total": 489,
          "recall": 0.002044989775051125
        },
        "10": {
          "hits": 2,
          "total": 489,
          "recall": 0.00408997955010225
        },
        "20": {
          "hits": 3,
          "total": 489,
          "recall": 0.006134969325153374
        },
        "25": {
          "hits": 9,
          "total": 489,
          "recall": 0.018404907975460124
        },
        "40": {
          "hits": 13,
          "total": 489,
          "recall": 0.026584867075664622
        },
        "50": {
          "hits": 14,
          "total": 489,
          "recall": 0.028629856850715747
        },
        "75": {
          "hits": 18,
          "total": 489,
          "recall": 0.03680981595092025
        },
        "100": {
          "hits": 23,
          "total": 489,
          "recall": 0.04703476482617587
        },
        "200": {
          "hits": 53,
          "total": 489,
          "recall": 0.1083844580777096
        }
      }
    },
    {
      "modalities": [
        "video"
      ],
      "use_orchestrator": true,
      "num_questions": 489,
      "recall_at_k": {
        "1": {
          "hits": 1,
          "total": 489,
          "recall": 0.002044989775051125
        },
        "3": {
          "hits": 1,
          "total": 489,
          "recall": 0.002044989775051125
        },
        "5": {
          "hits": 1,
          "total": 489,
          "recall": 0.002044989775051125
        },
        "10": {
          "hits": 2,
          "total": 489,
          "recall": 0.00408997955010225
        },
        "20": {
          "hits": 3,
          "total": 489,
          "recall": 0.006134969325153374
        },
        "25": {
          "hits": 5,
          "total": 489,
          "recall": 0.010224948875255624
        },
        "40": {
          "hits": 6,
          "total": 489,
          "recall": 0.012269938650306749
        },
        "50": {
          "hits": 6,
          "total": 489,
          "recall": 0.012269938650306749
        },
        "75": {
          "hits": 9,
          "total": 489,
          "recall": 0.018404907975460124
        },
        "100": {
          "hits": 12,
          "total": 489,
          "recall": 0.024539877300613498
        },
        "200": {
          "hits": 38,
          "total": 489,
          "recall": 0.07770961145194274
        }
      }
    },
    {
      "modalities": [
        "text",
        "video"
      ],
      "use_orchestrator": false,
      "num_questions": 489,
      "recall_at_k": {
        "1": {
          "hits": 0,
          "total": 489,
          "recall": 0.0
        },
        "3": {
          "hits": 3,
          "total": 489,
          "recall": 0.006134969325153374
        },
        "5": {
          "hits": 4,
          "total": 489,
          "recall": 0.0081799591002045
        },
        "10": {
          "hits": 8,
          "total": 489,
          "recall": 0.016359918200409
        },
        "20": {
          "hits": 15,
          "total": 489,
          "recall": 0.03067484662576687
        },
        "25": {
          "hits": 20,
          "total": 489,
          "recall": 0.0408997955010225
        },
        "40": {
          "hits": 32,
          "total": 489,
          "recall": 0.065439672801636
        },
        "50": {
          "hits": 41,
          "total": 489,
          "recall": 0.08384458077709611
        },
        "75": {
          "hits": 62,
          "total": 489,
          "recall": 0.12678936605316973
        },
        "100": {
          "hits": 78,
          "total": 489,
          "recall": 0.15950920245398773
        },
        "200": {
          "hits": 129,
          "total": 489,
          "recall": 0.26380368098159507
        }
      }
    },
    {
      "modalities": [
        "text",
        "video"
      ],
      "use_orchestrator": true,
      "num_questions": 489,
      "recall_at_k": {
        "1": {
          "hits": 0,
          "total": 489,
          "recall": 0.0
        },
        "3": {
          "hits": 2,
          "total": 489,
          "recall": 0.00408997955010225
        },
        "5": {
          "hits": 3,
          "total": 489,
          "recall": 0.006134969325153374
        },
        "10": {
          "hits": 5,
          "total": 489,
          "recall": 0.010224948875255624
        },
        "20": {
          "hits": 8,
          "total": 489,
          "recall": 0.016359918200409
        },
        "25": {
          "hits": 13,
          "total": 489,
          "recall": 0.026584867075664622
        },
        "40": {
          "hits": 21,
          "total": 489,