{
  "person": "A1_JAKE",
  "topk_list": [
    1,
    3,
    5,
    10,
    20,
    25,
    40,
    50,
    75,
    100,
    200
  ],
  "configurations": [
    {
      "modalities": [
        "text"
      ],
      "use_orchestrator": false,
      "num_questions": 182,
      "recall_at_k": {
        "1": {
          "hits": 0,
          "total": 182,
          "recall": 0.0
        },
        "3": {
          "hits": 1,
          "total": 182,
          "recall": 0.005494505494505495
        },
        "5": {
          "hits": 3,
          "total": 182,
          "recall": 0.016483516483516484
        },
        "10": {
          "hits": 8,
          "total": 182,
          "recall": 0.04395604395604396
        },
        "20": {
          "hits": 11,
          "total": 182,
          "recall": 0.06043956043956044
        },
        "25": {
          "hits": 12,
          "total": 182,
          "recall": 0.06593406593406594
        },
        "40": {
          "hits": 18,
          "total": 182,
          "recall": 0.0989010989010989
        },
        "50": {
          "hits": 19,
          "total": 182,
          "recall": 0.1043956043956044
        },
        "75": {
          "hits": 31,
          "total": 182,
          "recall": 0.17032967032967034
        },
        "100": {
          "hits": 39,
          "total": 182,
          "recall": 0.21428571428571427
        },
        "200": {
          "hits": 57,
          "total": 182,
          "recall": 0.3131868131868132
        }
      }
    },
    {
      "modalities": [
        "text"
      ],
      "use_orchestrator": true,
      "num_questions": 182,
      "recall_at_k": {
        "1": {
          "hits": 0,
          "total": 182,
          "recall": 0.0
        },
        "3": {
          "hits": 0,
          "total": 182,
          "recall": 0.0
        },
        "5": {
          "hits": 2,
          "total": 182,
          "recall": 0.01098901098901099
        },
        "10": {
          "hits": 5,
          "total": 182,
          "recall": 0.027472527472527472
        },
        "20": {
          "hits": 7,
          "total": 182,
          "recall": 0.038461538461538464
        },
        "25": {
          "hits": 9,
          "total": 182,
          "recall": 0.04945054945054945
        },
        "40": {
          "hits": 14,
          "total": 182,
          "recall": 0.07692307692307693
        },
        "50": {
          "hits": 15,
          "total": 182,
          "recall": 0.08241758241758242
        },
        "75": {
          "hits": 24,
          "total": 182,
          "recall": 0.13186813186813187
        },
        "100": {
          "hits": 29,
          "total": 182,
          "recall": 0.15934065934065933
        },
        "200": {
          "hits": 40,
          "total": 182,
          "recall": 0.21978021978021978
        }
      }
    },
    {
      "modalities": [
        "video"
      ],
      "use_orchestrator": false,
      "num_questions": 182,
      "recall_at_k": {
        "1": {
          "hits": 0,
          "total": 182,
          "recall": 0.0
        },
        "3": {
          "hits": 1,
          "total": 182,
          "recall": 0.005494505494505495
        },
        "5": {
          "hits": 1,
          "total": 182,
          "recall": 0.005494505494505495
        },
        "10": {
          "hits": 1,
          "total": 182,
          "recall": 0.005494505494505495
        },
        "20": {
          "hits": 3,
          "total": 182,
          "recall": 0.016483516483516484
        },
        "25": {
          "hits": 3,
          "total": 182,
          "recall": 0.016483516483516484
        },
        "40": {
          "hits": 6,
          "total": 182,
          "recall": 0.03296703296703297
        },
        "50": {
          "hits": 7,
          "total": 182,
          "recall": 0.038461538461538464
        },
        "75": {
          "hits": 8,
          "total": 182,
          "recall": 0.04395604395604396
        },
        "100": {
          "hits": 9,
          "total": 182,
          "recall": 0.04945054945054945
        },
        "200": {
          "hits": 23,
          "total": 182,
          "recall": 0.12637362637362637
        }
      }
    },
    {
      "modalities": [
        "video"
      ],
      "use_orchestrator": true,
      "num_questions": 182,
      "recall_at_k": {
        "1": {
          "hits": 0,
          "total": 182,
          "recall": 0.0
        },
        "3": {
          "hits": 1,
          "total": 182,
          "recall": 0.005494505494505495
        },
        "5": {
          "hits": 1,
          "total": 182,
          "recall": 0.005494505494505495
        },
        "10": {
          "hits": 1,
          "total": 182,
          "recall": 0.005494505494505495
        },
        "20": {
          "hits": 1,
          "total": 182,
          "recall": 0.005494505494505495
        },
        "25": {
          "hits": 1,
          "total": 182,
          "recall": 0.005494505494505495
        },
        "40": {
          "hits": 3,
          "total": 182,
          "recall": 0.016483516483516484
        },
        "50": {
          "hits": 3,
          "total": 182,
          "recall": 0.016483516483516484
        },
        "75": {
          "hits": 3,
          "total": 182,
          "recall": 0.016483516483516484
        },
        "100": {
          "hits": 4,
          "total": 182,
          "recall": 0.02197802197802198
        },
        "200": {
          "hits": 13,
          "total": 182,
          "recall": 0.07142857142857142
        }
      }
    },
    {
      "modalities": [
        "text",
        "video"
      ],
      "use_orchestrator": false,
      "num_questions": 182,
      "recall_at_k": {
        "1": {
          "hits": 0,
          "total": 182,
          "recall": 0.0
        },
        "3": {
          "hits": 1,
          "total": 182,
          "recall": 0.005494505494505495
        },
        "5": {
          "hits": 1,
          "total": 182,
          "recall": 0.005494505494505495
        },
        "10": {
          "hits": 2,
          "total": 182,
          "recall": 0.01098901098901099
        },
        "20": {
          "hits": 6,
          "total": 182,
          "recall": 0.03296703296703297
        },
        "25": {
          "hits": 8,
          "total": 182,
          "recall": 0.04395604395604396
        },
        "40": {
          "hits": 16,
          "total": 182,
          "recall": 0.08791208791208792
        },
        "50": {
          "hits": 19,
          "total": 182,
          "recall": 0.1043956043956044
        },
        "75": {
          "hits": 26,
          "total": 182,
          "recall": 0.14285714285714285
        },
        "100": {
          "hits": 29,
          "total": 182,
          "recall": 0.15934065934065933
        },
        "200": {
          "hits": 42,
          "total": 182,
          "recall": 0.23076923076923078
        }
      }
    },
    {
      "modalities": [
        "text",
        "video"
      ],
      "use_orchestrator": true,
      "num_questions": 182,
      "recall_at_k": {
        "1": {
          "hits": 0,
          "total": 182,
          "recall": 0.0
        },
        "3": {
          "hits": 1,
          "total": 182,
          "recall": 0.005494505494505495
        },
        "5": {
          "hits": 1,
          "total": 182,
          "recall": 0.005494505494505495
        },
        "10": {
          "hits": 2,
          "total": 182,
          "recall": 0.01098901098901099
        },
        "20": {
          "hits": 4,
          "total": 182,
          "recall": 0.02197802197802198
        },
        "25": {
          "hits": 6,
          "total": 182,
          "recall": 0.03296703296703297
        },
        "40": {
          "hits": 12,
          "total": 182,
          "recall": 0.06593406593406594
        },
        "50": {
          "hits": 14,
          "total": 182,